presetId,runIndex,matrixKey,strategyProfileId,seed,characterId,stageId,mapId,difficultyId,result,survivalTimeSeconds,durationSeconds,tickMs,level,kills,exp,score,damageDealt,damageTaken,pickupsCollected,enemiesSpawned,bossKilled,endlessStarted,endlessScalingLevel,strategyProfileHash,contentHash,leaderboardKey
,1,balanced_default|boss80-seedcheck-001|priest|stage_001|prototype_field|normal|900|100,balanced_default,boss80-seedcheck-001,priest,stage_001,prototype_field,normal,gameOver,138.4,900,100,5,74,80,1535,2837,145,64,295,false,false,0,fnv1a-d362b365,ch_194047933e9a08,mode=normal|controlMode=autoStrategy|autoChallengeType=normal|characterId=priest|stageId=stage_001|mapId=prototype_field|difficultyId=normal|seed=boss80-seedcheck-001|challengeId=|customStageId=|rulesetId=normal|strategyProfileHash=fnv1a-d362b365|strategyControlType=fixed|speedBucket=1.0x
,2,balanced_default|boss80-seedcheck-002|priest|stage_001|prototype_field|normal|900|100,balanced_default,boss80-seedcheck-002,priest,stage_001,prototype_field,normal,gameOver,119.3,900,100,4,57,50,1170,1832,140,48,262,false,false,0,fnv1a-d362b365,ch_194047933e9a08,mode=normal|controlMode=autoStrategy|autoChallengeType=normal|characterId=priest|stageId=stage_001|mapId=prototype_field|difficultyId=normal|seed=boss80-seedcheck-002|challengeId=|customStageId=|rulesetId=normal|strategyProfileHash=fnv1a-d362b365|strategyControlType=fixed|speedBucket=1.0x
,3,balanced_default|boss80-seedcheck-003|priest|stage_001|prototype_field|normal|900|100,balanced_default,boss80-seedcheck-003,priest,stage_001,prototype_field,normal,gameOver,148.7,900,100,5,76,75,1580,3009,139,67,305,false,false,0,fnv1a-d362b365,ch_194047933e9a08,mode=normal|controlMode=autoStrategy|autoChallengeType=normal|characterId=priest|stageId=stage_001|mapId=prototype_field|difficultyId=normal|seed=boss80-seedcheck-003|challengeId=|customStageId=|rulesetId=normal|strategyProfileHash=fnv1a-d362b365|strategyControlType=fixed|speedBucket=1.0x
,4,balanced_default|boss80-seedcheck-004|priest|stage_001|prototype_field|normal|900|100,balanced_default,boss80-seedcheck-004,priest,stage_001,prototype_field,normal,gameOver,136.7,900,100,3,43,38,933,1790,141,38,293,false,false,0,fnv1a-d362b365,ch_194047933e9a08,mode=normal|controlMode=autoStrategy|autoChallengeType=normal|characterId=priest|stageId=stage_001|mapId=prototype_field|difficultyId=normal|seed=boss80-seedcheck-004|challengeId=|customStageId=|rulesetId=normal|strategyProfileHash=fnv1a-d362b365|strategyControlType=fixed|speedBucket=1.0x
,5,balanced_default|boss80-seedcheck-005|priest|stage_001|prototype_field|normal|900|100,balanced_default,boss80-seedcheck-005,priest,stage_001,prototype_field,normal,gameOver,148.2,900,100,6,94,116,1932,3317,147,86,305,false,false,0,fnv1a-d362b365,ch_194047933e9a08,mode=normal|controlMode=autoStrategy|autoChallengeType=normal|characterId=priest|stageId=stage_001|mapId=prototype_field|difficultyId=normal|seed=boss80-seedcheck-005|challengeId=|customStageId=|rulesetId=normal|strategyProfileHash=fnv1a-d362b365|strategyControlType=fixed|speedBucket=1.0x
,6,balanced_default|boss80-seedcheck-006|priest|stage_001|prototype_field|normal|900|100,balanced_default,boss80-seedcheck-006,priest,stage_001,prototype_field,normal,gameOver,415.1,900,100,28,783,1929,15064,39026,363,765,1105,false,false,0,fnv1a-d362b365,ch_194047933e9a08,mode=normal|controlMode=autoStrategy|autoChallengeType=normal|characterId=priest|stageId=stage_001|mapId=prototype_field|difficultyId=normal|seed=boss80-seedcheck-006|challengeId=|customStageId=|rulesetId=normal|strategyProfileHash=fnv1a-d362b365|strategyControlType=fixed|speedBucket=1.0x
,7,balanced_default|boss80-seedcheck-007|priest|stage_001|prototype_field|normal|900|100,balanced_default,boss80-seedcheck-007,priest,stage_001,prototype_field,normal,gameOver,254.3,900,100,8,123,205,2750,7029,185,119,410,false,false,0,fnv1a-d362b365,ch_194047933e9a08,mode=normal|controlMode=autoStrategy|autoChallengeType=normal|characterId=priest|stageId=stage_001|mapId=prototype_field|difficultyId=normal|seed=boss80-seedcheck-007|challengeId=|customStageId=|rulesetId=normal|strategyProfileHash=fnv1a-d362b365|strategyControlType=fixed|speedBucket=1.0x
,8,balanced_default|boss80-seedcheck-008|priest|stage_001|prototype_field|normal|900|100,balanced_default,boss80-seedcheck-008,priest,stage_001,prototype_field,normal,gameOver,263.9,900,100,10,162,304,3535,8401,202,154,422,false,false,0,fnv1a-d362b365,ch_194047933e9a08,mode=normal|controlMode=autoStrategy|autoChallengeType=normal|characterId=priest|stageId=stage_001|mapId=prototype_field|difficultyId=normal|seed=boss80-seedcheck-008|challengeId=|customStageId=|rulesetId=normal|strategyProfileHash=fnv1a-d362b365|strategyControlType=fixed|speedBucket=1.0x
,9,balanced_default|boss80-seedcheck-009|priest|stage_001|prototype_field|normal|900|100,balanced_default,boss80-seedcheck-009,priest,stage_001,prototype_field,normal,gameOver,456.3,900,100,34,1075,2716,20259,46134,431,1056,1523,false,false,0,fnv1a-d362b365,ch_194047933e9a08,mode=normal|controlMode=autoStrategy|autoChallengeType=normal|characterId=priest|stageId=stage_001|mapId=prototype_field|difficultyId=normal|seed=boss80-seedcheck-009|challengeId=|customStageId=|rulesetId=normal|strategyProfileHash=fnv1a-d362b365|strategyControlType=fixed|speedBucket=1.0x
,10,balanced_default|boss80-seedcheck-010|priest|stage_001|prototype_field|normal|900|100,balanced_default,boss80-seedcheck-010,priest,stage_001,prototype_field,normal,gameOver,161.6,900,100,5,78,86,1626,3110,156,68,316,false,false,0,fnv1a-d362b365,ch_194047933e9a08,mode=normal|controlMode=autoStrategy|autoChallengeType=normal|characterId=priest|stageId=stage_001|mapId=prototype_field|difficultyId=normal|seed=boss80-seedcheck-010|challengeId=|customStageId=|rulesetId=normal|strategyProfileHash=fnv1a-d362b365|strategyControlType=fixed|speedBucket=1.0x
,11,balanced_default|boss80-seedcheck-011|priest|stage_001|prototype_field|normal|900|100,balanced_default,boss80-seedcheck-011,priest,stage_001,prototype_field,normal,gameOver,242.1,900,100,8,125,207,2752,5858,185,123,392,false,false,0,fnv1a-d362b365,ch_194047933e9a08,mode=normal|controlMode=autoStrategy|autoChallengeType=normal|characterId=priest|stageId=stage_001|mapId=prototype_field|difficultyId=normal|seed=boss80-seedcheck-011|challengeId=|customStageId=|rulesetId=normal|strategyProfileHash=fnv1a-d362b365|strategyControlType=fixed|speedBucket=1.0x
,12,balanced_default|boss80-seedcheck-012|priest|stage_001|prototype_field|normal|900|100,balanced_default,boss80-seedcheck-012,priest,stage_001,prototype_field,normal,gameOver,150.9,900,100,6,96,118,1947,3647,161,88,307,false,false,0,fnv1a-d362b365,ch_194047933e9a08,mode=normal|controlMode=autoStrategy|autoChallengeType=normal|characterId=priest|stageId=stage_001|mapId=prototype_field|difficultyId=normal|seed=boss80-seedcheck-012|challengeId=|customStageId=|rulesetId=normal|strategyProfileHash=fnv1a-d362b365|strategyControlType=fixed|speedBucket=1.0x
,13,balanced_default|boss80-seedcheck-013|priest|stage_001|prototype_field|normal|900|100,balanced_default,boss80-seedcheck-013,priest,stage_001,prototype_field,normal,gameOver,152.5,900,100,5,88,85,1735,3242,149,81,309,false,false,0,fnv1a-d362b365,ch_194047933e9a08,mode=normal|controlMode=autoStrategy|autoChallengeType=normal|characterId=priest|stageId=stage_001|mapId=prototype_field|difficultyId=normal|seed=boss80-seedcheck-013|challengeId=|customStageId=|rulesetId=normal|strategyProfileHash=fnv1a-d362b365|strategyControlType=fixed|speedBucket=1.0x
,14,balanced_default|boss80-seedcheck-014|priest|stage_001|prototype_field|normal|900|100,balanced_default,boss80-seedcheck-014,priest,stage_001,prototype_field,normal,gameOver,241.9,900,100,12,174,374,3915,8297,198,164,392,false,false,0,fnv1a-d362b365,ch_194047933e9a08,mode=normal|controlMode=autoStrategy|autoChallengeType=normal|characterId=priest|stageId=stage_001|mapId=prototype_field|difficultyId=normal|seed=boss80-seedcheck-014|challengeId=|customStageId=|rulesetId=normal|strategyProfileHash=fnv1a-d362b365|strategyControlType=fixed|speedBucket=1.0x
,15,balanced_default|boss80-seedcheck-015|priest|stage_001|prototype_field|normal|900|100,balanced_default,boss80-seedcheck-015,priest,stage_001,prototype_field,normal,gameOver,231.6,900,100,8,116,170,2582,5754,173,110,372,false,false,0,fnv1a-d362b365,ch_194047933e9a08,mode=normal|controlMode=autoStrategy|autoChallengeType=normal|characterId=priest|stageId=stage_001|mapId=prototype_field|difficultyId=normal|seed=boss80-seedcheck-015|challengeId=|customStageId=|rulesetId=normal|strategyProfileHash=fnv1a-d362b365|strategyControlType=fixed|speedBucket=1.0x
,16,balanced_default|boss80-seedcheck-016|priest|stage_001|prototype_field|normal|900|100,balanced_default,boss80-seedcheck-016,priest,stage_001,prototype_field,normal,gameOver,148.9,900,100,5,87,93,1710,3017,163,79,305,false,false,0,fnv1a-d362b365,ch_194047933e9a08,mode=normal|controlMode=autoStrategy|autoChallengeType=normal|characterId=priest|stageId=stage_001|mapId=prototype_field|difficultyId=normal|seed=boss80-seedcheck-016|challengeId=|customStageId=|rulesetId=normal|strategyProfileHash=fnv1a-d362b365|strategyControlType=fixed|speedBucket=1.0x
,17,balanced_default|boss80-seedcheck-017|priest|stage_001|prototype_field|normal|900|100,balanced_default,boss80-seedcheck-017,priest,stage_001,prototype_field,normal,gameOver,293.5,900,100,8,120,181,2741,7632,198,111,462,false,false,0,fnv1a-d362b365,ch_194047933e9a08,mode=normal|controlMode=autoStrategy|autoChallengeType=normal|characterId=priest|stageId=stage_001|mapId=prototype_field|difficultyId=normal|seed=boss80-seedcheck-017|challengeId=|customStageId=|rulesetId=normal|strategyProfileHash=fnv1a-d362b365|strategyControlType=fixed|speedBucket=1.0x
,18,balanced_default|boss80-seedcheck-018|priest|stage_001|prototype_field|normal|900|100,balanced_default,boss80-seedcheck-018,priest,stage_001,prototype_field,normal,victory,393.7,900,100,26,673,1630,13647,30728,310,646,985,true,true,1,fnv1a-d362b365,ch_194047933e9a08,mode=normal|controlMode=autoStrategy|autoChallengeType=normal|characterId=priest|stageId=stage_001|mapId=prototype_field|difficultyId=normal|seed=boss80-seedcheck-018|challengeId=|customStageId=|rulesetId=normal|strategyProfileHash=fnv1a-d362b365|strategyControlType=fixed|speedBucket=1.0x
,19,balanced_default|boss80-seedcheck-019|priest|stage_001|prototype_field|normal|900|100,balanced_default,boss80-seedcheck-019,priest,stage_001,prototype_field,normal,gameOver,134.9,900,100,4,58,55,1227,2338,134,51,292,false,false,0,fnv1a-d362b365,ch_194047933e9a08,mode=normal|controlMode=autoStrategy|autoChallengeType=normal|characterId=priest|stageId=stage_001|mapId=prototype_field|difficultyId=normal|seed=boss80-seedcheck-019|challengeId=|customStageId=|rulesetId=normal|strategyProfileHash=fnv1a-d362b365|strategyControlType=fixed|speedBucket=1.0x
,20,balanced_default|boss80-seedcheck-020|priest|stage_001|prototype_field|normal|900|100,balanced_default,boss80-seedcheck-020,priest,stage_001,prototype_field,normal,gameOver,125.6,900,100,4,47,45,1057,1764,138,43,279,false,false,0,fnv1a-d362b365,ch_194047933e9a08,mode=normal|controlMode=autoStrategy|autoChallengeType=normal|characterId=priest|stageId=stage_001|mapId=prototype_field|difficultyId=normal|seed=boss80-seedcheck-020|challengeId=|customStageId=|rulesetId=normal|strategyProfileHash=fnv1a-d362b365|strategyControlType=fixed|speedBucket=1.0x
,21,balanced_default|boss80-seedcheck-021|priest|stage_001|prototype_field|normal|900|100,balanced_default,boss80-seedcheck-021,priest,stage_001,prototype_field,normal,gameOver,407.2,900,100,27,736,1795,14213,33228,351,721,1043,false,false,0,fnv1a-d362b365,ch_194047933e9a08,mode=normal|controlMode=autoStrategy|autoChallengeType=normal|characterId=priest|stageId=stage_001|mapId=prototype_field|difficultyId=normal|seed=boss80-seedcheck-021|challengeId=|customStageId=|rulesetId=normal|strategyProfileHash=fnv1a-d362b365|strategyControlType=fixed|speedBucket=1.0x
,22,balanced_default|boss80-seedcheck-022|priest|stage_001|prototype_field|normal|900|100,balanced_default,boss80-seedcheck-022,priest,stage_001,prototype_field,normal,gameOver,243.1,900,100,10,158,279,3433,7587,181,137,394,false,false,0,fnv1a-d362b365,ch_194047933e9a08,mode=normal|controlMode=autoStrategy|autoChallengeType=normal|characterId=priest|stageId=stage_001|mapId=prototype_field|difficultyId=normal|seed=boss80-seedcheck-022|challengeId=|customStageId=|rulesetId=normal|strategyProfileHash=fnv1a-d362b365|strategyControlType=fixed|speedBucket=1.0x
,23,balanced_default|boss80-seedcheck-023|priest|stage_001|prototype_field|normal|900|100,balanced_default,boss80-seedcheck-023,priest,stage_001,prototype_field,normal,gameOver,370.5,900,100,23,564,1352,11107,24195,321,552,732,false,false,0,fnv1a-d362b365,ch_194047933e9a08,mode=normal|controlMode=autoStrategy|autoChallengeType=normal|characterId=priest|stageId=stage_001|mapId=prototype_field|difficultyId=normal|seed=boss80-seedcheck-023|challengeId=|customStageId=|rulesetId=normal|strategyProfileHash=fnv1a-d362b365|strategyControlType=fixed|speedBucket=1.0x
,24,balanced_default|boss80-seedcheck-024|priest|stage_001|prototype_field|normal|900|100,balanced_default,boss80-seedcheck-024,priest,stage_001,prototype_field,normal,gameOver,150.4,900,100,6,93,108,1908,3696,151,84,307,false,false,0,fnv1a-d362b365,ch_194047933e9a08,mode=normal|controlMode=autoStrategy|autoChallengeType=normal|characterId=priest|stageId=stage_001|mapId=prototype_field|difficultyId=normal|seed=boss80-seedcheck-024|challengeId=|customStageId=|rulesetId=normal|strategyProfileHash=fnv1a-d362b365|strategyControlType=fixed|speedBucket=1.0x
,25,balanced_default|boss80-seedcheck-025|priest|stage_001|prototype_field|normal|900|100,balanced_default,boss80-seedcheck-025,priest,stage_001,prototype_field,normal,gameOver,157.4,900,100,5,76,72,1573,3181,155,66,314,false,false,0,fnv1a-d362b365,ch_194047933e9a08,mode=normal|controlMode=autoStrategy|autoChallengeType=normal|characterId=priest|stageId=stage_001|mapId=prototype_field|difficultyId=normal|seed=boss80-seedcheck-025|challengeId=|customStageId=|rulesetId=normal|strategyProfileHash=fnv1a-d362b365|strategyControlType=fixed|speedBucket=1.0x
,26,balanced_default|boss80-seedcheck-026|priest|stage_001|prototype_field|normal|900|100,balanced_default,boss80-seedcheck-026,priest,stage_001,prototype_field,normal,completed,900,900,100,60,2834,8361,53629,309141,267,2791,2864,true,true,12,fnv1a-d362b365,ch_194047933e9a08,mode=normal|controlMode=autoStrategy|autoChallengeType=normal|characterId=priest|stageId=stage_001|mapId=prototype_field|difficultyId=normal|seed=boss80-seedcheck-026|challengeId=|customStageId=|rulesetId=normal|strategyProfileHash=fnv1a-d362b365|strategyControlType=fixed|speedBucket=1.0x
,27,balanced_default|boss80-seedcheck-027|priest|stage_001|prototype_field|normal|900|100,balanced_default,boss80-seedcheck-027,priest,stage_001,prototype_field,normal,gameOver,215.1,900,100,7,105,147,2305,4856,167,101,342,false,false,0,fnv1a-d362b365,ch_194047933e9a08,mode=normal|controlMode=autoStrategy|autoChallengeType=normal|characterId=priest|stageId=stage_001|mapId=prototype_field|difficultyId=normal|seed=boss80-seedcheck-027|challengeId=|customStageId=|rulesetId=normal|strategyProfileHash=fnv1a-d362b365|strategyControlType=fixed|speedBucket=1.0x
,28,balanced_default|boss80-seedcheck-028|priest|stage_001|prototype_field|normal|900|100,balanced_default,boss80-seedcheck-028,priest,stage_001,prototype_field,normal,gameOver,234.3,900,100,10,151,286,3329,7025,192,144,377,false,false,0,fnv1a-d362b365,ch_194047933e9a08,mode=normal|controlMode=autoStrategy|autoChallengeType=normal|characterId=priest|stageId=stage_001|mapId=prototype_field|difficultyId=normal|seed=boss80-seedcheck-028|challengeId=|customStageId=|rulesetId=normal|strategyProfileHash=fnv1a-d362b365|strategyControlType=fixed|speedBucket=1.0x
,29,balanced_default|boss80-seedcheck-029|priest|stage_001|prototype_field|normal|900|100,balanced_default,boss80-seedcheck-029,priest,stage_001,prototype_field,normal,gameOver,289.8,900,100,14,236,528,5103,11790,242,222,457,false,false,0,fnv1a-d362b365,ch_194047933e9a08,mode=normal|controlMode=autoStrategy|autoChallengeType=normal|characterId=priest|stageId=stage_001|mapId=prototype_field|difficultyId=normal|seed=boss80-seedcheck-029|challengeId=|customStageId=|rulesetId=normal|strategyProfileHash=fnv1a-d362b365|strategyControlType=fixed|speedBucket=1.0x
,30,balanced_default|boss80-seedcheck-030|priest|stage_001|prototype_field|normal|900|100,balanced_default,boss80-seedcheck-030,priest,stage_001,prototype_field,normal,completed,900,900,100,59,2753,8133,52070,231397,400,2727,2787,true,true,11,fnv1a-d362b365,ch_194047933e9a08,mode=normal|controlMode=autoStrategy|autoChallengeType=normal|characterId=priest|stageId=stage_001|mapId=prototype_field|difficultyId=normal|seed=boss80-seedcheck-030|challengeId=|customStageId=|rulesetId=normal|strategyProfileHash=fnv1a-d362b365|strategyControlType=fixed|speedBucket=1.0x
